id,first_name,last_name,email,gender
1,Jeffry,Cases,jcases0@buzzfeed.com,Agender
2,Justino,Dayment,jdayment1@nba.com,Male
3,Colas,Dixon,cdixon2@4shared.com,Male
4,Adiana,Colwell,acolwell3@symantec.com,Polygender
5,Gipsy,Alty,galty4@surveymonkey.com,Female
6,Maurice,MacCallion,mmaccallion5@forbes.com,Polygender
7,Heidi,Norcock,hnorcock6@sourceforge.net,Female
8,Vinny,Bradnick,vbradnick7@yahoo.com,Female
9,Gaile,Ondrus,gondrus8@noaa.gov,Male
10,Rowland,Baack,rbaack9@macromedia.com,Male
11,Alvy,Silman,asilmana@cam.ac.uk,Male
12,Howie,Magne,hmagneb@wufoo.com,Male
13,Loralee,Marrill,lmarrillc@java.com,Female
14,Gail,Buckland,gbucklandd@tuttocitta.it,Female
15,Emily,Chasteney,echasteneye@blogs.com,Genderqueer
16,Emlyn,Ivoshin,eivoshinf@imageshack.us,Female
17,Stephine,Fairburne,sfairburneg@google.nl,Female
18,Rivalee,Waugh,rwaughh@ocn.ne.jp,Polygender
19,Prent,Kynder,pkynderi@dailymail.co.uk,Male
20,Benedikt,Basham,bbashamj@examiner.com,Male
21,Sandye,Faunt,sfauntk@oakley.com,Female
22,Beryl,Studeart,bstudeartl@diigo.com,Female
23,Boniface,Conan,bconanm@t-online.de,Male
24,Jasun,Phare,jpharen@businesswire.com,Male
25,Nahum,O'Caherny,nocahernyo@vistaprint.com,Male
26,Grazia,Cathro,gcathrop@g.co,Female
27,Andee,Klazenga,aklazengaq@furl.net,Female
28,Jaymie,Gong,jgongr@mlb.com,Male
29,Ora,Dransfield,odransfields@netscape.com,Female
30,Johannes,Jeanon,jjeanont@last.fm,Male
31,Merrill,Singers,msingersu@wikimedia.org,Male
32,Dew,Crosston,dcrosstonv@japanpost.jp,Male
33,Jojo,Widdall,jwiddallw@eepurl.com,Non-binary
34,Tiffi,Hissett,thissettx@wired.com,Female
35,Aylmer,Matthewes,amatthewesy@dailymotion.com,Male
36,Marjy,Andrasch,mandraschz@issuu.com,Female
37,Benjamin,March,bmarch10@abc.net.au,Male
38,Mady,McCourtie,mmccourtie11@amazon.co.jp,Female
39,Delano,Mill,dmill12@booking.com,Male
40,Domenico,Kennelly,dkennelly13@issuu.com,Male
41,Anetta,Prozillo,aprozillo14@jalbum.net,Female
42,Rheba,Gwalter,rgwalter15@jigsy.com,Female
43,Cynde,Cranmer,ccranmer16@chronoengine.com,Female
44,Stephenie,Essame,sessame17@mapy.cz,Female
45,Meg,Clemmow,mclemmow18@zdnet.com,Female
46,Linn,Burlay,lburlay19@about.me,Male
47,Jane,Kinde,jkinde1a@cbsnews.com,Female
48,Beverlie,Weadick,bweadick1b@walmart.com,Female
49,Quincey,Coode,qcoode1c@cargocollective.com,Male
50,Sibby,Paszek,spaszek1d@uol.com.br,Female
